Alpha,Reliance,TCS,HDFCBank,Infosys,ICICIBank,HindustanUL,ITC,SBI,BajajFin,Airtel,KotakBank,AxisBank,AsianPaints,Maruti,Wipro,HCLTech,LT,MahindraM,Titan,Nestle,UltraTech,PowerGrid,NTPC,SunPharma,DrReddy,AdaniPorts,TataMotors,TataSteel,JSWSteel,DivisLabs
0.0,4.717092384093777e-09,2.8082215368621465e-09,1.2715864967570035e-09,3.0002256516577497e-09,6.783460499221259e-09,3.521612077261622e-09,2.1368151944541773e-09,2.839297910337882,9.100941825230632e-08,8.463550732713008e-09,1.2893167901866171e-09,1.4080941244521845e-07,1.6386725194947655e-08,2.1950891035082633e-08,2.557410244868728e-09,5.240508586093044e-09,7.007738580559797e-09,4.958841471841912e-09,6.348300394105577,3.5625419074001225e-09,4.205031267677901e-09,1.3726725777473028e-08,1.9788156581500468e-08,3.589915936345893,4.821948078890851e-09,3.697214993066635e-08,1.6559028574602041e-09,3.2795144829161977e-07,2.2798651055377395e-07,2.576147090101151
0.05,4.108783752779708e-08,2.456972580726466e-08,7.961581208744408e-09,2.611850690026074e-08,5.505947522193226e-08,2.9227903815708e-08,1.7972122676009553e-08,2.585864938276485,1.972090327209571e-06,8.57681725574202e-08,7.991598950120613e-09,9.626821668765493e-07,1.3434536863390735e-07,1.631526494298285e-07,2.2221881222578e-08,4.8274306370530716e-08,5.874360794329183e-08,4.5538268895140455e-08,5.727703124098039,2.6592662962323505e-08,3.532648153562402e-08,9.250760208805073e-08,1.334032373440442e-07,3.2259669539307567,4.725521167611417e-08,2.9951341515699476e-07,1.1089919205323823e-08,0.07376704591075046,5.301036637387258e-06,2.463033159227951
0.1,9.12714670317039e-08,5.334003841531771e-08,1.6879636692373952e-08,5.671362190620073e-08,1.2240884804540906e-07,6.326978895429941e-08,3.91892689020294e-08,2.1693757894972387,0.2318877780704257,2.1117613711696144e-07,1.7392974578621865e-08,7.294787480533877e-06,3.555092993771891e-07,4.3373930885339485e-07,4.8561160659250804e-08,1.0697494295937726e-07,1.343719814625962e-07,1.039111458930315e-07,4.946487667408419,5.604369416193368e-08,7.752035377931919e-08,2.0176553862867312e-07,3.088933038801676e-07,2.8102918701800403,1.069366429435249e-07,1.3997602841120756e-06,2.3393518322907623e-08,0.23880861266015194,0.21950098354133277,2.2180853343275198
0.15000000000000002,2.4810286655122807e-08,1.4296672168753675e-08,4.431908899782919e-09,1.500586588130596e-08,3.30696136076136e-08,1.6679772049149753e-08,1.0146051848325885e-08,1.7905296298791125,0.38847108271281805,6.515852523841507e-08,4.5703171672064725e-09,0.10537742951126511,1.1970652418377936e-07,1.3907349762982301e-07,1.290064758852094e-08,2.985366057776129e-08,3.955746631152246e-08,3.046178770847226e-08,4.195789388727434,1.4730395046073451e-08,2.153466008517138e-08,5.452151062271416e-08,8.883554621830436e-08,2.4123582546691833,2.9843168577501146e-08,0.07882922182260584,6.1766421230530635e-09,0.33368788559072576,0.36945890916038354,1.9658033755641462
0.2,1.041634161764181e-07,5.9306045795362044e-08,1.7740809157233285e-08,6.139951283292232e-08,1.3934370889147998e-07,6.828426890983254e-08,4.068235715258237e-08,1.4770117863755363,0.45919953933585717,3.1941677297185307e-07,1.861024443869413e-08,0.19258563014535524,9.318629255004056e-07,1.4379729289137434e-06,5.28907804981737e-08,1.2846325250530115e-07,1.8653399230438327e-07,1.426330951535006e-07,3.5124541185241047,5.947879880390602e-08,9.330613328626224e-08,2.2807249665705328e-07,4.2624214289897155e-07,2.0379690791844505,1.271127474552167e-07,0.23934831922905495,2.4874750605205616e-08,0.3859728102031084,0.4459972404646383,1.7163917789770904
0.25,1.0452285524644116e-07,5.805790054433541e-08,1.6936131870141434e-08,5.958341115160118e-08,1.4108745554987032e-07,6.630381694649909e-08,3.8840495612767574e-08,1.2310556319560106,0.48224292635787563,3.876090379757632e-07,1.7629154480524522e-08,0.25049219562823083,3.352715694404548e-06,0.02309433848616078,5.143040344321707e-08,1.3136296853142495e-07,2.129408187420607e-07,1.6000723917082683e-07,2.926777350860572,5.697744427192297e-08,9.578044838097013e-08,2.294500604801011e-07,4.990745064688157e-07,1.7124048375429264,1.301310597116421e-07,0.3343896212301603,2.379090989665354e-08,0.41108413465783133,0.48368004332533,1.4840924222794327
0.30000000000000004,3.439112078839693e-07,1.8530116622256293e-07,5.188453349516464e-08,1.8877244049735488e-07,4.6907294887521956e-07,2.093710826508794e-07,1.1998385377785288e-07,1.0180125329151204,0.46375930710033136,1.5999023052547322e-06,5.36738977104186e-08,0.2750135731398168,0.06996706161701208,0.11576170813763204,1.630065101013671e-07,4.401363862074732e-07,8.310152281564856e-07,5.974268939646531e-07,2.401063889311557,1.7890773012776248e-07,3.218304048474205e-07,7.589628662408143e-07,2.0493566892875555e-06,1.4171751203923684,4.339212169855928e-07,0.3718225428331816,7.403517901944559e-08,0.40923981277509597,0.4833169472021809,1.2593742970907984
0.35000000000000003,2.6166418463636757e-08,1.3211879258957626e-08,3.139089868164363e-09,1.3364727508187144e-08,3.6542453908287306e-08,1.4902279427531558e-08,8.095130971622442e-09,0.8445521754499352,0.4301411965575194,1.8104428318189528e-07,3.254152587526341e-09,0.2814522289757294,0.13589879888809422,0.1676078687464101,1.1464583892474167e-08,3.43341691105761e-08,8.501881297426965e-08,5.563875499396871e-08,1.962824458603208,1.269645893403309e-08,2.525929691608565e-08,5.994504842177573e-08,2.46114766131689e-07,1.1659098705061883,3.361229299527884e-08,0.37741669140234535,4.812245365671456e-09,0.3899194786469049,0.462416753293421,1.058667119915
0.4,2.9024855841676727e-07,1.4184699806748953e-07,3.5856033917188134e-08,1.4229642495884357e-07,4.125483949694474e-07,1.5924700947016727e-07,8.691801279954276e-08,0.7007357672156389,0.38846319509693106,3.6173842422025142e-06,3.676477095373251e-08,0.273813684151775,0.169659770136927,0.19167809894384977,1.229633589133207e-07,3.8135531341853403e-07,1.466026614853724e-06,7.97597676958326e-07,1.5985282339762876,1.3513762050519242e-07,2.919774737728503e-07,6.732341218107054e-07,6.064615968875438e-06,0.9534874253182974,3.744934757470172e-07,0.3624516289659021,5.3456107641551843e-08,0.35920029587232777,0.4276441268829682,0.8819854985831267
0.45,5.700915915939827e-07,2.691686859095659e-07,7.009646451871818e-08,2.678805666419799e-07,8.293628789710497e-07,3.021788510973097e-07,1.6522615874045547e-07,0.5752663023504034,0.34080234516328806,0.005915729067557003,7.144419181241837e-08,0.2543724963574414,0.1800807027643172,0.19547006707952164,2.3284378783586356e-07,7.434633101693485e-07,1.092605677251867e-05,2.629218902868917e-06,1.286395608001541,2.4977935937722613e-07,6.021990022221279e-07,1.3326366128237965e-06,0.023904881361825506,0.7688255669893178,7.34408101547988e-07,0.3319511972068889,1.0266185468917049e-07,0.31919119006002566,0.38164314730317184,0.723382256083867
0.5,1.8282447029745733e-06,8.46783304225889e-07,2.2110069688751413e-07,8.355387140038739e-07,2.6587805644346876e-06,9.570174944983934e-07,5.244817804379117e-07,0.45895586124343957,0.2865534578500267,0.037903798529405355,2.1544083474423627e-07,0.22316327545642148,0.17152242684512223,0.182118948651262,7.322461169900638e-07,2.1133528865266495e-06,0.031677704687350386,7.11204131099396e-05,1.0062450260149804,7.350597556996497e-07,2.017458172902379e-06,3.6851296449464116e-06,0.055339606601653074,0.6019728216131791,2.2266321689030475e-06,0.2879560925776803,3.2139545814757876e-07,0.2707795895923177,0.32515061231362724,0.575446348522768
0.55,3.477849680882013e-07,1.4651834074101095e-07,3.26828705667824e-08,1.4309664534590092e-07,5.090935605054246e-07,1.689475287909608e-07,8.907234094544315e-08,0.3549929779535635,0.23083822666038087,0.05068450824269791,2.9573151759967805e-08,0.18641130441368364,0.15100345179154248,0.15776293841494712,1.247345448107001e-07,3.250292764661877e-07,0.053343341255394826,0.02161475024570305,0.763747176714557,1.0996083529665342e-07,3.8313086224698027e-07,4.535665210925197e-07,0.06706444536060782,0.4573412361693018,4.235651857525458e-07,0.2381029544073552,4.80616413650576e-08,0.22027985386337776,0.26519555015333796,0.44293617530631646
0.6000000000000001,8.797499756804684e-08,3.483908958136352e-08,8.59577357768271e-09,3.370485387447438e-08,1.3107836172420538e-07,4.030154877705256e-08,2.0956797920507174e-08,0.2645314473499561,0.17778452844628712,0.050957057182026776,8.427385145910423e-09,0.14800602468462432,0.12425117724206533,0.12847970460391642,2.9593059512824168e-08,8.023063350529509e-08,0.058318004166895726,0.03303378737173953,0.5588200755575704,2.946225509987012e-08,1.0427853424774977e-07,7.453442600003467e-08,0.06542714716777208,0.33464078590543817,1.0368713013662136e-07,0.18723317242229717,1.2730139895903683e-08,0.17111133853271956,0.20635143983876506,0.3276176264485187
0.65,1.7286119648893754e-07,5.5728684413409426e-08,1.3870487507527196e-08,5.328506248353949e-08,3.330578105306196e-07,6.453865978118791e-08,3.201052904796429e-08,0.18394652107409085,0.12705794159967854,0.043429842826292295,1.3686654497116686e-08,0.10855373338811494,0.0935037330892762,0.09602724719991675,4.6589786654517407e-08,2.1395993370689284e-07,0.05186556185182609,0.033436723749802916,0.38186380949654314,5.3174366763456426e-08,3.00102570465912e-07,4.3557479757478185e-07,0.05496843481758143,0.22853943991735137,2.2592193855033985e-07,0.13606615123562654,2.0965904113398415e-08,0.12318891061569347,0.14872781491952572,0.22579135350643673
0.7000000000000001,5.561625987533369e-07,1.5537177613367192e-07,3.920627704283209e-08,1.469054221490576e-07,1.350063031680078e-06,1.811412041689786e-07,8.715851151642124e-08,0.11058200217480023,0.0781692992153855,0.030216065351811535,3.856085405309453e-08,0.06828421775828077,0.0599545523694039,0.06128583071348858,1.2869080426190616e-07,7.160847375871005e-07,0.037146144633462226,0.025612472656996472,0.22581409783025563,1.548575260070515e-07,1.6144894537947938e-06,2.257447424831883e-06,0.0380011522347434,0.13500297381096604,7.306102517670934e-07,0.08487021297458021,6.023409317844278e-08,0.07626830262900366,0.09215391956738317,0.13443517426170784
0.75,9.768608573424058e-07,2.239489229842416e-07,5.346212771282919e-08,2.0930778282578625e-07,3.3394116591435295e-06,2.6646161921728424e-07,1.239654483389792e-07,0.04258686298618195,0.030706164667022407,0.013006347414430216,5.1950689124922063e-08,0.027343310702093653,0.024363223646035517,0.02482265990387403,1.837266163590195e-07,1.2239463946188567e-06,0.01633951193729668,0.01174315500693558,0.08563018661733819,2.2251509792341588e-07,8.674539930899654e-06,4.256851137244738e-06,0.016313253740389378,0.05112210139151067,1.2768477606193516e-06,0.033724656356792546,8.398230803604969e-08,0.03012369061510041,0.03641940529229092,0.05126179637041282
0.8,8.41633754969446e-08,1.8210486964739963e-08,1.8491344770987605e-09,1.6888748930420038e-08,2.0745653479546268e-07,2.406997874321155e-08,1.1073741219443061e-08,2.315287443839278e-06,1.6972624371329868e-06,8.043848140115772e-07,1.5080937986092855e-09,1.5417652196824588e-06,1.3919260426586346e-06,1.4127860807535903e-06,1.5048744173999393e-08,7.397606872665888e-08,9.952115619937383e-07,7.419413872707526e-07,4.580687152349096e-06,1.057195738879858e-08,2.447791163949239e-07,2.1746248796467583e-07,9.975790086000139e-07,2.74121233873562e-06,1.0142194912577204e-07,1.880953419600135e-06,3.3746960571455488e-09,1.6749662150602077e-06,2.0232093963643798e-06,2.761508415848911e-06
0.8500000000000001,3.3951257451954476e-08,9.241934987894751e-09,9.068052820714408e-10,8.520680480777404e-09,6.122685388381303e-08,1.2384105026048725e-08,5.817848399975789e-09,2.984561752822263e-07,2.2196541059502928e-07,1.2064496860221281e-07,7.073072034808271e-10,2.0586075392992798e-07,1.882247061211648e-07,1.901461683750818e-07,7.737542409622459e-09,2.522887426196062e-08,1.4199977333603523e-07,1.0963194810579865e-07,5.799083196185981e-07,4.912269686822844e-09,6.025037479648475e-08,5.883584125651806e-08,1.4685134755866586e-07,3.496752707150716e-07,3.6952084987604344e-08,2.4761326848817497e-07,1.7877942502144211e-09,2.2055182500360992e-07,2.655395037568304e-07,3.5296716108430163e-07
0.9,4.6200493320984964e-07,1.4230279448904542e-07,1.4251730465907158e-08,1.3063644842710656e-07,7.591009936982409e-07,1.9218418217914333e-07,9.210645447564406e-08,2.6783356850764934e-06,2.0196341357880773e-06,1.2032536843585076e-06,1.0749691182369838e-08,1.9044633867439693e-06,1.7588562592133278e-06,1.7708242947542605e-06,1.203824986000291e-07,3.224260077432852e-07,1.3814841589508901e-06,1.0911943454142588e-06,5.117067189764515e-06,7.149074165165188e-08,7.208063826951735e-07,7.064443950214161e-07,1.450941568888066e-06,3.102591260074156e-06,4.821488447247056e-07,2.2661695058579176e-06,2.959134432922738e-08,2.0181007331621956e-06,2.422406013126075e-06,3.1388925281133526e-06
0.9500000000000001,1.275312007356784e-07,4.27665492340276e-08,4.475540309989871e-09,3.913621056471867e-08,1.9921166033467596e-07,5.8058317660612286e-08,2.8403589598701233e-08,5.734504700293491e-07,4.3804413622291566e-07,2.793785393708849e-07,3.272169939124595e-09,4.1898116495202633e-07,3.9016123872763935e-07,3.9175237933310386e-07,3.650699839070429e-08,8.575634977125648e-08,3.1628421955707443e-07,2.53960251775392e-07,1.07793761467656e-06,2.0587929041703835e-08,1.8642118731572975e-07,1.8165947382472665e-07,3.3496260261785e-07,6.570201281582786e-07,1.2960948860137182e-07,4.940034500957584e-07,9.59735953733931e-09,4.3984789348483164e-07,5.264360758712761e-07,6.660038185360022e-07
1.0,5.5736367684762794e-08,1.9924300867087455e-08,2.204269854133205e-09,1.819000606379497e-08,8.423734648135914e-08,2.7144993180037326e-08,1.3554359610917455e-08,2.094042109396544e-07,1.6184752159378438e-07,1.0888199267104244e-07,1.5642917831101789e-09,1.5675438179015988e-07,1.4698094936523032e-07,1.472416651157231e-07,1.714195057531232e-08,3.6546049107499784e-08,1.221883931052428e-07,9.933889246617567e-08,3.8746047319982764e-07,9.266654923993456e-09,7.824426684306054e-08,7.56949077059363e-08,1.3002767352211938e-07,2.3754521023412186e-07,5.557716549184814e-08,1.8330526671743203e-07,4.803247930904008e-09,1.6321275882632748e-07,1.9480234956275572e-07,2.411241660733605e-07
